sigma,loc,scale
1.5731911070031475,10,39.48377397126116
