sigma,loc,scale
1.6073598951095662,10,52.9644276923312
