sigma,loc,scale
1.747093580799026,50,97.06937345611583
