sigma,loc,scale
1.547241317756887,10,60.34677958176433
