sigma,loc,scale
1.6187537043677456,10,47.8251212562153
